<?xml version="1.0" encoding="UTF-8"?>
<beans xmlns="http://www.springframework.org/schema/beans"
	xmlns:xsi="http://www.w3.org/2001/XMLSchema-instance"
	xmlns:security="http://www.springframework.org/schema/security"
	xmlns:context="http://www.springframework.org/schema/context"
	xsi:schemaLocation="http://www.springframework.org/schema/security http://www.springframework.org/schema/security/spring-security-5.2.xsd
		http://www.springframework.org/schema/beans http://www.springframework.org/schema/beans/spring-beans.xsd
		http://www.springframework.org/schema/context http://www.springframework.org/schema/context/spring-context-4.3.xsd">

	<!-- 인식하게 하기 위한 경로 설정 -->
	<context:component-scan base-package="bit.com.a" />

	<!-- 접근시에 로그인이 안 되어있을 경우, login 페이지로 (강제) 이동 -->
	<!-- 
	<security:http auto-config="true" use-expressions="false">
		<security:intercept-url pattern="/**" access="ROLE_USER"/>
	</security:http>
	 -->
	<!-- 권한 부여의 계급 설정 (순서에 주의해야함!!) -->
	<security:http auto-config="true" use-expressions="true">
		<security:intercept-url pattern="/user/**" access="hasAnyRole('ROLE_USER', 'ROLE_MEMBER', 'ROLE_ADMIN')"/>
		<security:intercept-url pattern="/member/**" access="hasAnyRole('ROLE_MEMBER', 'ROLE_ADMIN')"/>
		<security:intercept-url pattern="/admin/**" access="hasRole('ROLE_ADMIN')"/>
		<security:intercept-url pattern="/**" access="permitAll"/>
		
		<!-- 작성한 페이지를 불러오는 -->
		<security:form-login
			username-parameter="loginId"
			password-parameter="loginPwd"
			login-page="/secu/loginPage"
			login-processing-url="/login"
			default-target-url="/" />
		
		<!-- 접근 권한에 따른 메시지 -->
		<security:access-denied-handler error-page="/access_denied_page"/>
		
	</security:http>	 
	 
	<!-- 로그인 정보의 차등을 설정 -->
	
	<!-- 1. (임시)권한 부여는 종류별로 줘야하며 name,pwd는 설정 가능 (확인용)-->
	<!--
	<security:authentication-manager>
		<security:authentication-provider>
			<security:user-service>
				<security:user name="guest" password="{noop}guest" authorities="ROLE_GUEST"/>
				<security:user name="user" password="{noop}userPw" authorities="ROLE_USER"/>
				<security:user name="member" password="{noop}memPw" authorities="ROLE_MEMBER"/>
				<security:user name="admin" password="{noop}admin" authorities="ROLE_ADMIN"/>
			</security:user-service>
		</security:authentication-provider>
	</security:authentication-manager> -->
	
	<!-- 2. DB로 접근(해서 만들어 줘야함) -->
	<bean id="userService" class="bit.com.a.service.CustomUserService"/>
	<bean id="userAuthProvider" class="bit.com.a.service.CustomAuthenticationProvider"/>
	<security:authentication-manager>
		<security:authentication-provider ref="userAuthProvider"/>
	</security:authentication-manager>
	
</beans>
